Image,Signal to Noise Ratio
2015 gorkha earthquake_patch_8512_6720.txt,0.0006302757019835359
1987 Sichuan pre-earthquake_patch_8736_6272.txt,0.0008157856489571539
1987 Sichuan pre-earthquake_patch_9632_7616.txt,0.0002791469867943245
1987 Sichuan pre-earthquake_patch_5376_7840.txt,0.0005832274054348322
1987 Sichuan pre-earthquake_patch_3136_9632.txt,0.0006139418788627913
1987 Sichuan pre-earthquake_patch_3808_9856.txt,0.0018242150366279432
1987 Sichuan pre-earthquake_patch_9408_6944.txt,0.0004080255369364327
1991 Limon Earthquake_patch_1792_4704.txt,0.0003385716151910346
1987 Sichuan pre-earthquake_patch_8512_8512.txt,0.00025542446999981367
1987 Sichuan pre-earthquake_patch_8288_7616.txt,0.000382882389100935
2015 gorkha earthquake_patch_6720_6272.txt,0.0003974785295757832
2018 Lombok_patch_6048_2464.txt,0.00031542339654690534
1987 Sichuan pre-earthquake_patch_4480_10752.txt,0.0010264485386153272
2011 sikkim earthquake_patch_8960_4480.txt,0.001869279979676736
1987 Sichuan pre-earthquake_patch_7840_9632.txt,0.0002890947548729585
1987 Sichuan pre-earthquake_patch_6048_8064.txt,0.0016391293189586763
1999 chamoli earthquake_patch_8288_8288.txt,0.0004723034009453246
1987 Sichuan pre-earthquake_patch_2912_10304.txt,0.0005990452914193166
2011 sikkim earthquake_patch_8512_3360.txt,0.0009076430614241987
1987 Sichuan pre-earthquake_patch_2688_9408.txt,0.002473140011065879
1991 Limon Earthquake_patch_896_4032.txt,0.0004708792923878421
1987 Sichuan pre-earthquake_patch_4928_10752.txt,0.00026703755351787674
2015 gorkha earthquake_patch_8736_6496.txt,0.0008586054757307798
2008 Iwate_patch_7840_2912.txt,0.00036508259173974105
2015 gorkha earthquake_patch_6944_6272.txt,0.0004712285759265816
2011 sikkim earthquake_patch_8736_3808.txt,0.0002615518644898962
2015 gorkha earthquake_patch_11424_7168.txt,0.0007526093553687548
1987 Sichuan pre-earthquake_patch_5824_8064.txt,0.0006147773682494193
1987 Sichuan pre-earthquake_patch_5824_9408.txt,0.001272345124920471
1987 Sichuan pre-earthquake_patch_4256_9408.txt,0.0008197136183266781
1987 Sichuan pre-earthquake_patch_6272_7840.txt,0.0013218294898865756
1987 Sichuan pre-earthquake_patch_4256_8064.txt,0.000919906412072029
1987 Sichuan pre-earthquake_patch_2464_12320.txt,0.00047299279358049357
1999 chamoli earthquake_patch_6720_8288.txt,0.001014276707101331
1987 Sichuan pre-earthquake_patch_3584_12768.txt,0.0003089484956932205
1987 Sichuan pre-earthquake_patch_5600_8960.txt,0.00023419051285509404
1987 Sichuan pre-earthquake_patch_5376_10528.txt,0.00018975074768216754
1987 Sichuan pre-earthquake_patch_4032_12992.txt,0.0003534580537862902
1987 Sichuan pre-earthquake_patch_7840_6272.txt,0.00045732166039912065
2015 gorkha earthquake_patch_8288_6272.txt,0.004775315502348064
1987 Sichuan pre-earthquake_patch_4032_9856.txt,0.0005982938600441329
2010 Haiti_patch_4256_4928.txt,0.0003369874431812785
1987 Sichuan pre-earthquake_patch_6048_7168.txt,0.0008483003420393554
1987 Sichuan pre-earthquake_patch_8064_9184.txt,0.0002879774506366893
2015 gorkha earthquake_patch_10976_7616.txt,0.000261913058559547
2016 Arun rainstorm_patch_4480_4480.txt,0.0005138534923005776
1987 Sichuan pre-earthquake_patch_8288_6496.txt,0.0010312700793321638
1987 Sichuan pre-earthquake_patch_3360_10752.txt,0.0019241316937977635
1987 Sichuan pre-earthquake_patch_4480_8960.txt,0.0009412238342578945
1987 Sichuan pre-earthquake_patch_3136_8288.txt,0.0008514893701471645
2011 sikkim earthquake_patch_9632_2464.txt,0.0020725435597397433
1987 Sichuan pre-earthquake_patch_7168_7840.txt,0.0005378373325001969
2015 gorkha earthquake_patch_7840_6496.txt,0.00034940678694363165
1987 Sichuan pre-earthquake_patch_2688_10976.txt,0.0008434210467925735
2015 gorkha earthquake_patch_9632_8288.txt,0.00025117294375569363
1987 Sichuan pre-earthquake_patch_3584_10976.txt,0.0016381558629243783
2014 Arun rainstorm_patch_5376_2464.txt,0.001061685453064062
1987 Sichuan pre-earthquake_patch_4256_12320.txt,0.0008986312387424768
2016 Arun rainstorm_patch_4256_3584.txt,0.0008546114549305491
1987 Sichuan pre-earthquake_patch_9184_5600.txt,0.0005356710288261218
2015 gorkha earthquake_patch_8736_7616.txt,0.00038334565282699374
2015 gorkha earthquake_patch_7840_5376.txt,3.328038854740225e-05
2011 sikkim earthquake_patch_9856_2464.txt,0.0025237195364886614
1987 Sichuan pre-earthquake_patch_8288_5376.txt,0.0007581201631602039
2015 gorkha earthquake_patch_10080_7840.txt,0.00032852898291713253
1987 Sichuan pre-earthquake_patch_5152_7840.txt,0.002166315821608855
2008 Iwate_patch_8288_2688.txt,0.00048770992906275903
1987 Sichuan pre-earthquake_patch_5376_10304.txt,0.0007350633494513833
1991 Limon Earthquake_patch_448_5376.txt,0.0002672394793590011
1987 Sichuan pre-earthquake_patch_4480_9856.txt,0.0005776299937910392
2017 Milin_patch_18368_6048.txt,0.0002267172950810954
2015 gorkha earthquake_patch_8960_7840.txt,0.0003385534636564141
1987 Sichuan pre-earthquake_patch_4928_12768.txt,0.000253498887649902
2015 gorkha earthquake_patch_8736_6720.txt,0.00026277236834474705
1987 Sichuan pre-earthquake_patch_8736_7392.txt,0.0004334085243214887
2016 Arun rainstorm_patch_5824_2464.txt,0.002661034310048578
1987 Sichuan pre-earthquake_patch_8512_6272.txt,0.0004262674291246715
1987 Sichuan pre-earthquake_patch_4480_12768.txt,0.0004950376471096236
1987 Sichuan pre-earthquake_patch_4256_13216.txt,0.00035843354824206217
2015 gorkha earthquake_patch_6048_5600.txt,0.002107975134961066
1987 Sichuan pre-earthquake_patch_5824_9184.txt,0.00035123577325287447
1987 Sichuan pre-earthquake_patch_4480_10976.txt,0.0006134826682348449
2011 sikkim earthquake_patch_8736_3360.txt,0.0011913781954022064
1987 Sichuan pre-earthquake_patch_5600_9856.txt,0.0005567583098277587
1999 chamoli earthquake_patch_8288_7392.txt,0.003726376921521954
2017 Arun rainstorm_patch_5600_2912.txt,0.0004098895245852772
2015 gorkha earthquake_patch_9184_6048.txt,0.000787488269307342
1987 Sichuan pre-earthquake_patch_2688_9184.txt,0.0033753588230267203
1987 Sichuan pre-earthquake_patch_6048_9184.txt,0.00023591457556007108
2015 gorkha earthquake_patch_11200_7840.txt,0.0002821377584290831
2015 gorkha earthquake_patch_8512_6496.txt,0.00044771871484164947
1987 Sichuan pre-earthquake_patch_3808_11872.txt,0.0004831768421128331
1987 Sichuan pre-earthquake_patch_8064_7168.txt,0.0014148257194159313
2008 Iwate_patch_8064_3360.txt,0.0015872765660805237
1987 Sichuan pre-earthquake_patch_4928_10976.txt,0.0006492240362591575
1999 chamoli earthquake_patch_9184_8064.txt,0.0006047669199718953
1999 chamoli earthquake_patch_9184_9408.txt,0.0006457013100431453
1987 Sichuan pre-earthquake_patch_8064_6048.txt,0.0005722308719520237
1987 Sichuan pre-earthquake_patch_4032_8960.txt,0.0007654517468719682
1987 Sichuan pre-earthquake_patch_3584_8288.txt,0.00021742880876010392
2015 gorkha earthquake_patch_9184_7168.txt,0.0004514652143990311
1999 chamoli earthquake_patch_8288_8512.txt,0.0004709515420742878
1987 Sichuan pre-earthquake_patch_8064_8064.txt,0.00033411689981636077
2014 Arun rainstorm_patch_4928_2912.txt,0.0003953077209446242
1987 Sichuan pre-earthquake_patch_8064_9408.txt,0.00014898851627128935
2011 sikkim earthquake_patch_8288_3584.txt,0.0017889150346412917
2015 gorkha earthquake_patch_8288_7392.txt,0.000266523393125046
1987 Sichuan pre-earthquake_patch_3584_9632.txt,0.0009072580625893321
1987 Sichuan pre-earthquake_patch_8288_6720.txt,0.00018630598670522054
1987 Sichuan pre-earthquake_patch_7616_10304.txt,7.223037171889149e-06
1987 Sichuan pre-earthquake_patch_5152_11424.txt,0.0004736289957293409
1987 Sichuan pre-earthquake_patch_7840_7392.txt,0.0003306152077892024
2015 gorkha earthquake_patch_7840_6720.txt,0.0003782655390716016
1999 chamoli earthquake_patch_6944_8512.txt,0.0008644358823784525
1999 chamoli earthquake_patch_6720_7392.txt,0.0002828133517779685
2015 gorkha earthquake_patch_9184_8064.txt,0.0004907093015158978
1991 Limon Earthquake_patch_1568_4928.txt,0.00028901820221939275
2017 Arun rainstorm_patch_5824_2016.txt,0.0003350343664323396
2015 gorkha earthquake_patch_12992_8512.txt,0.0002670929135755282
1987 Sichuan pre-earthquake_patch_7840_8512.txt,0.00023246455320908728
1991 Limon Earthquake_patch_1344_4480.txt,0.0002451984318403961
1999 chamoli earthquake_patch_8064_8736.txt,0.0019503606124707687
1987 Sichuan pre-earthquake_patch_4256_12096.txt,0.0005780782156226982
1987 Sichuan pre-earthquake_patch_4256_9184.txt,0.0011674577933591748
2011 sikkim earthquake_patch_9184_2688.txt,0.0012233326338002618
1987 Sichuan pre-earthquake_patch_4704_11872.txt,0.0006243250826100511
2011 sikkim earthquake_patch_9856_3584.txt,0.00047198887139771766
2015 gorkha earthquake_patch_9856_7392.txt,0.0004462810591790685
1999 chamoli earthquake_patch_8960_7840.txt,0.001168302740501356
2015 gorkha earthquake_patch_8064_5824.txt,0.000581745238007813
1987 Sichuan pre-earthquake_patch_3360_10976.txt,0.003822705757661132
2014 Arun rainstorm_patch_5376_3584.txt,0.00027300942780469884
1987 Sichuan pre-earthquake_patch_3136_8512.txt,0.0010309048332942717
1987 Sichuan pre-earthquake_patch_2464_12096.txt,0.0008219690527302329
2017 Arun rainstorm_patch_5376_2240.txt,0.000233672823232064
1987 Sichuan pre-earthquake_patch_9632_6720.txt,0.00024556895230515465
2015 gorkha earthquake_patch_9632_7392.txt,0.0005071442636193252
2011 sikkim earthquake_patch_9632_3584.txt,0.0008636322529319457
1987 Sichuan pre-earthquake_patch_3808_8960.txt,0.0009914646793136922
1987 Sichuan pre-earthquake_patch_3584_10752.txt,0.0019219044442597096
2010 Haiti_patch_5824_4480.txt,0.0002874906462838439
1999 chamoli earthquake_patch_6496_8960.txt,0.0005128208579371485
2011 sikkim earthquake_patch_8736_4032.txt,0.0005273453532144031
1987 Sichuan pre-earthquake_patch_8960_6944.txt,0.00035553899354894263
1987 Sichuan pre-earthquake_patch_2912_11424.txt,0.0011046213815375744
1987 Sichuan pre-earthquake_patch_5152_8960.txt,0.000987267171631452
1999 chamoli earthquake_patch_8512_8736.txt,0.00056880721417703
2008 Iwate_patch_8288_2464.txt,0.0003284602522126115
1987 Sichuan pre-earthquake_patch_7168_9856.txt,0.0006508729452873124
1987 Sichuan pre-earthquake_patch_3584_9408.txt,0.0008977862558639813
1987 Sichuan pre-earthquake_patch_3584_8064.txt,0.00030519692441039224
1987 Sichuan pre-earthquake_patch_6048_8512.txt,0.0008344716608588053
1987 Sichuan pre-earthquake_patch_5824_8512.txt,0.0021669897758444627
1987 Sichuan pre-earthquake_patch_8064_9632.txt,0.0004935979046911999
1999 chamoli earthquake_patch_7616_8960.txt,0.00039623148320482113
1987 Sichuan pre-earthquake_patch_4032_7840.txt,0.0006070950297573126
2008 Iwate_patch_7840_3808.txt,0.00043968768654632144
1987 Sichuan pre-earthquake_patch_4928_11648.txt,0.0005666174431810538
2015 gorkha earthquake_patch_5824_6720.txt,0.0002501514260864782
1987 Sichuan pre-earthquake_patch_9184_7616.txt,0.0005293796298495012
2015 gorkha earthquake_patch_8736_5600.txt,0.0019997357210847426
1999 chamoli earthquake_patch_8288_9184.txt,0.0004963975982185873
1987 Sichuan pre-earthquake_patch_4480_11648.txt,0.0006843970588990177
2008 Iwate_patch_8064_2912.txt,0.00042829992549212054
1987 Sichuan pre-earthquake_patch_6048_7392.txt,0.0010263860195630502
1987 Sichuan pre-earthquake_patch_6272_9856.txt,0.0004824442830836546
2015 gorkha earthquake_patch_6048_6720.txt,0.0005016893140849136
1987 Sichuan pre-earthquake_patch_2464_8736.txt,0.000598526892656542
1987 Sichuan pre-earthquake_patch_2688_12544.txt,0.0004515217622907665
2015 gorkha earthquake_patch_7616_8960.txt,0.0006306257762348569
2015 gorkha earthquake_patch_9184_6272.txt,3.051006683577844e-05
2014 Arun rainstorm_patch_4928_3360.txt,0.0007354916944622484
2004 Cheutsu Earthquake 2004_patch_3808_4256.txt,0.0005848925568438305
1999 chamoli earthquake_patch_8064_7616.txt,0.0004173062213411076
1987 Sichuan pre-earthquake_patch_7616_6944.txt,0.0006970718835968318
1987 Sichuan pre-earthquake_patch_8064_6272.txt,0.00028479237335392847
1999 chamoli earthquake_patch_9184_9632.txt,0.0007761616794846224
1987 Sichuan pre-earthquake_patch_4256_8512.txt,0.0004449237661209851
1987 Sichuan pre-earthquake_patch_6048_10752.txt,0.0006435854294895005
1987 Sichuan pre-earthquake_patch_3584_12544.txt,0.0003546266474770427
1987 Sichuan pre-earthquake_patch_7840_9184.txt,0.0007101593100979045
2015 gorkha earthquake_patch_8064_6496.txt,0.00045441740112400005
1987 Sichuan pre-earthquake_patch_4032_11872.txt,0.0004048520630052754
2011 sikkim earthquake_patch_8064_3808.txt,0.003292567138286728
1987 Sichuan pre-earthquake_patch_3136_9184.txt,0.0009274385512764543
1987 Sichuan pre-earthquake_patch_6496_10080.txt,0.0012809383181386874
1987 Sichuan pre-earthquake_patch_3808_7840.txt,0.0006704938462713062
1987 Sichuan pre-earthquake_patch_6944_10080.txt,0.0004968766345287849
1987 Sichuan pre-earthquake_patch_8288_5600.txt,0.000660423360002166
2011 sikkim earthquake_patch_8960_4256.txt,0.0009088309997972234
2015 gorkha earthquake_patch_7840_5600.txt,0.00033132778093793446
2015 gorkha earthquake_patch_6720_5152.txt,0.00031228830153718544
1987 Sichuan pre-earthquake_patch_9184_6496.txt,5.862255390237516e-05
1987 Sichuan pre-earthquake_patch_3360_11648.txt,0.0007542578621450058
1987 Sichuan pre-earthquake_patch_8512_6048.txt,0.000565157424892832
1999 chamoli earthquake_patch_8960_8960.txt,0.000866874832106619
2015 gorkha earthquake_patch_11648_8288.txt,0.0006032503806246127
2015 gorkha earthquake_patch_6944_5152.txt,0.0001874387136872874
2015 gorkha earthquake_patch_8512_8736.txt,0.0002237837749735414
1998 Jueili_patch_2240_2016.txt,0.0005962799013399304
1999 chamoli earthquake_patch_8736_8736.txt,0.0006284983445618143
1987 Sichuan pre-earthquake_patch_5376_8960.txt,0.0003899639400951435
2015 gorkha earthquake_patch_5824_5376.txt,0.00028227886862365446
2016 Arun rainstorm_patch_4928_3136.txt,0.0003893432751890637
2015 gorkha earthquake_patch_9408_7840.txt,0.0004219225741801893
2008 Iwate_patch_8288_3584.txt,0.0004450236561252032
2015 gorkha earthquake_patch_9856_7168.txt,0.00037652287194707434
1987 Sichuan pre-earthquake_patch_4480_12544.txt,0.0005975852187702373
1991 Limon Earthquake_patch_1344_5376.txt,0.0006476334175831125
2011 sikkim earthquake_patch_8512_4032.txt,0.0007967912708681606
2015 gorkha earthquake_patch_6048_6496.txt,0.000664437754076978
1987 Sichuan pre-earthquake_patch_4256_10080.txt,0.0008112701755355267
2015 gorkha earthquake_patch_5824_6496.txt,0.00036972033906790155
1991 Limon Earthquake_patch_1344_4256.txt,0.00024336676747303978
2015 gorkha earthquake_patch_9632_7168.txt,0.0003773514848130709
1987 Sichuan pre-earthquake_patch_4928_12544.txt,0.0006768949011894701
1987 Sichuan pre-earthquake_patch_5376_11424.txt,0.000500691088910296
1987 Sichuan pre-earthquake_patch_2464_10080.txt,0.0005326353919322756
1999 chamoli earthquake_patch_8288_8064.txt,0.0008433578461217293
1999 chamoli earthquake_patch_7392_8960.txt,0.0006236071259867337
1987 Sichuan pre-earthquake_patch_6048_8288.txt,0.0014245484581311598
1999 chamoli earthquake_patch_8288_9408.txt,0.0005636054772048607
1999 chamoli earthquake_patch_9184_8512.txt,0.0004173382920920371
2015 gorkha earthquake_patch_8288_7168.txt,0.00033420866432472697
1987 Sichuan pre-earthquake_patch_4256_9632.txt,0.0006315838289655312
2018 Lombok_patch_6048_2688.txt,0.00026412244699651504
2008 Iwate_patch_7840_3360.txt,0.0005799253455282132
2015 gorkha earthquake_patch_8288_6048.txt,0.0006711197866972849
1987 Sichuan pre-earthquake_patch_3584_9184.txt,0.0009871652155237166
2011 sikkim earthquake_patch_10080_3136.txt,0.0008701153040752331
1987 Sichuan pre-earthquake_patch_7840_6048.txt,0.0005806756499460734
2015 gorkha earthquake_patch_8736_5824.txt,0.0005816955191508035
1987 Sichuan pre-earthquake_patch_7840_9408.txt,0.0009484326426476393
1987 Sichuan pre-earthquake_patch_7840_8064.txt,0.0009406242655511291
1987 Sichuan pre-earthquake_patch_6720_8736.txt,0.0007113069208093967
1999 chamoli earthquake_patch_6944_8064.txt,0.0027415762216733
1987 Sichuan pre-earthquake_patch_3360_12544.txt,0.0007023894626759888
2015 gorkha earthquake_patch_7392_8960.txt,7.073614124776828e-05
2015 gorkha earthquake_patch_8064_6720.txt,0.0005209258773829171
1987 Sichuan pre-earthquake_patch_8064_7392.txt,0.00042166749887058923
1987 Sichuan pre-earthquake_patch_7392_6944.txt,0.0005779192438943234
2015 gorkha earthquake_patch_6720_6048.txt,0.000443648701888622
1987 Sichuan pre-earthquake_patch_5824_9632.txt,0.0005429275073261613
1987 Sichuan pre-earthquake_patch_8064_8512.txt,0.0004140466101428354
1987 Sichuan pre-earthquake_patch_6272_8960.txt,0.0019639440826252647
2018 Arun rainstorm_patch_5824_2240.txt,0.0012516423360550302
2015 gorkha earthquake_patch_6944_6048.txt,0.00031639842284799806
1987 Sichuan pre-earthquake_patch_9632_5824.txt,0.0005369817855160144
1987 Sichuan pre-earthquake_patch_4256_11200.txt,0.0013979556715766795
2015 gorkha earthquake_patch_6720_7168.txt,1.7327300023480604e-06
2015 gorkha earthquake_patch_9184_7392.txt,0.00036370995152048267
1987 Sichuan pre-earthquake_patch_4256_8288.txt,0.001470305348732126
1987 Sichuan pre-earthquake_patch_6048_10976.txt,0.0005308645211124342
1987 Sichuan pre-earthquake_patch_5600_7840.txt,0.00021105796006281536
1987 Sichuan pre-earthquake_patch_6944_8736.txt,0.00030071474967540465
1999 chamoli earthquake_patch_6720_8064.txt,0.0008781161279234233
1999 chamoli earthquake_patch_7840_8736.txt,0.0008281702891840435
1987 Sichuan pre-earthquake_patch_6048_9632.txt,0.0005985268600461111
2017 Arun rainstorm_patch_4928_2464.txt,0.0008201088428785689
2015 gorkha earthquake_patch_7840_5824.txt,0.0007780578479558645
1987 Sichuan pre-earthquake_patch_8736_6048.txt,0.00039243111619799117
2018 Arun rainstorm_patch_5376_3136.txt,0.0003814204983780769
1987 Sichuan pre-earthquake_patch_8288_5824.txt,0.0005635360564085113
2011 sikkim earthquake_patch_9856_2688.txt,0.0020565948207629525
1987 Sichuan pre-earthquake_patch_3584_11648.txt,0.0005453526638399496
1987 Sichuan pre-earthquake_patch_3360_8736.txt,0.00022684670025466293
2015 gorkha earthquake_patch_9856_8064.txt,0.00036170465995622906
1987 Sichuan pre-earthquake_patch_5152_10304.txt,0.0003676722261811877
1991 Limon Earthquake_patch_1568_4480.txt,0.00047289117143816734
1987 Sichuan pre-earthquake_patch_7168_8960.txt,0.0006667638810112681
2015 gorkha earthquake_patch_9632_8064.txt,0.00027034749017835856
1987 Sichuan pre-earthquake_patch_6272_10080.txt,0.0008039023856985642
1987 Sichuan pre-earthquake_patch_4704_12992.txt,0.0005082648731129279
2015 gorkha earthquake_patch_5824_4928.txt,0.0002638363522600669
2015 gorkha earthquake_patch_6048_4928.txt,0.0011280135877202772
1987 Sichuan pre-earthquake_patch_3136_8064.txt,0.0007558140562011626
1991 Limon Earthquake_patch_1344_4928.txt,0.0005588686875035604
1987 Sichuan pre-earthquake_patch_5152_9856.txt,0.0005500917851886734
2011 sikkim earthquake_patch_9632_2688.txt,0.0018779902561108996
2017 Arun rainstorm_patch_5152_2912.txt,0.00038375486530359113
1987 Sichuan pre-earthquake_patch_8960_7168.txt,0.0003094633264230246
2018 Lombok_patch_6496_2464.txt,0.0003740721056158858
2015 gorkha earthquake_patch_10528_7392.txt,0.0005161956524781634
1987 Sichuan pre-earthquake_patch_6496_9408.txt,0.0006457288280838816
2015 gorkha earthquake_patch_10752_9184.txt,0.0002447878644342066
2015 gorkha earthquake_patch_7392_5600.txt,0.00031817876414950725
2010 Haiti_patch_5376_4704.txt,0.00016059112770272868
1987 Sichuan pre-earthquake_patch_5152_8736.txt,0.0010376564459240142
1999 chamoli earthquake_patch_8512_8960.txt,0.0004929163624800781
1987 Sichuan pre-earthquake_patch_8960_6048.txt,0.0005267166566133219
1987 Sichuan pre-earthquake_patch_6720_9856.txt,0.0005785460783855503
1987 Sichuan pre-earthquake_patch_7392_9184.txt,0.000719633151963635
1999 chamoli earthquake_patch_7616_8736.txt,0.00035528813257517777
1987 Sichuan pre-earthquake_patch_4032_7616.txt,0.0005098151297772708
1987 Sichuan pre-earthquake_patch_4480_10080.txt,0.0009145876576569103
2015 gorkha earthquake_patch_5376_5152.txt,0.00034790218717115133
2015 gorkha earthquake_patch_10304_8064.txt,0.00028986446606092166
2011 sikkim earthquake_patch_9632_3136.txt,0.0008808480432243261
2015 gorkha earthquake_patch_6496_5824.txt,0.0003527136685118461
1987 Sichuan pre-earthquake_patch_4928_10080.txt,0.0010429839876507998
2011 sikkim earthquake_patch_9856_3136.txt,0.000550784777124489
1987 Sichuan pre-earthquake_patch_6944_9856.txt,0.00013211167518921543
1987 Sichuan pre-earthquake_patch_4256_12544.txt,0.0005843165256979685
1987 Sichuan pre-earthquake_patch_7616_8064.txt,0.0006161390010094268
1987 Sichuan pre-earthquake_patch_7616_9408.txt,0.00045385020495576704
1987 Sichuan pre-earthquake_patch_7616_6048.txt,0.00047790137879889555
1999 chamoli earthquake_patch_8064_7840.txt,0.0008418136416576325
1987 Sichuan pre-earthquake_patch_4704_8512.txt,0.0009400510165515863
1987 Sichuan pre-earthquake_patch_2464_8960.txt,0.002242516274631485
2011 sikkim earthquake_patch_9408_3360.txt,0.0008722254195916624
2011 sikkim earthquake_patch_8288_4704.txt,0.0006616992168228678
2010 Haiti_patch_4928_4480.txt,0.00026644458593178607
1987 Sichuan pre-earthquake_patch_7616_7168.txt,0.001243979291831593
2016 Arun rainstorm_patch_5152_3360.txt,0.0032510794430565403
2015 gorkha earthquake_patch_6496_8736.txt,0.0005601679284324181
2015 gorkha earthquake_patch_9408_6720.txt,0.000760320617083804
1987 Sichuan pre-earthquake_patch_4480_11200.txt,0.0005281280043992512
1987 Sichuan pre-earthquake_patch_3360_10080.txt,0.0008827121144496937
2011 sikkim earthquake_patch_10080_2688.txt,0.002749137249941255
1987 Sichuan pre-earthquake_patch_3808_10304.txt,0.001203309390276159
2015 gorkha earthquake_patch_6272_5152.txt,0.0005117056699414544
1987 Sichuan pre-earthquake_patch_4928_11200.txt,0.00034293622693847047
1987 Sichuan pre-earthquake_patch_2912_9856.txt,0.00038702342931113207
1987 Sichuan pre-earthquake_patch_8512_6944.txt,0.0005749852780844802
1999 chamoli earthquake_patch_7168_9184.txt,0.0011408683556149012
1987 Sichuan pre-earthquake_patch_4928_8512.txt,0.0005874044740102289
1987 Sichuan pre-earthquake_patch_4032_11424.txt,0.0013723568133332316
1991 Limon Earthquake_patch_1120_4704.txt,0.0003670968617095745
1987 Sichuan pre-earthquake_patch_4928_9632.txt,0.0030876591824588236
2015 gorkha earthquake_patch_9632_6944.txt,0.0002031432052804106
1999 chamoli earthquake_patch_8736_8960.txt,0.0004911682305463849
1987 Sichuan pre-earthquake_patch_4256_11648.txt,0.00042642937515226985
1987 Sichuan pre-earthquake_patch_5376_8736.txt,0.0007389346315112377
1987 Sichuan pre-earthquake_patch_6496_9184.txt,0.0006004149216971522
2010 Haiti_patch_5152_4704.txt,0.00017747739388610951
2015 gorkha earthquake_patch_7616_5600.txt,0.0002470650135435172
1991 Limon Earthquake_patch_672_4704.txt,0.0003904464584371855
2011 sikkim earthquake_patch_8736_4256.txt,0.00012739378911027092
2015 gorkha earthquake_patch_4704_4928.txt,0.0001836340576091746
2018 Arun rainstorm_patch_4928_3360.txt,0.000573264323199198
2015 gorkha earthquake_patch_10528_8288.txt,0.0003997345213404179
2017 Milin_patch_18592_5152.txt,0.0029075015645992613
2004 Cheutsu Earthquake 2004_patch_4032_4032.txt,0.00044395044220154733
2015 gorkha earthquake_patch_9856_6944.txt,0.0007147262949718529
1999 chamoli earthquake_patch_7392_8736.txt,0.0009997411368650963
2015 gorkha earthquake_patch_4928_4928.txt,0.0005995425987629771
1987 Sichuan pre-earthquake_patch_10304_5824.txt,0.00027173712150329595
1987 Sichuan pre-earthquake_patch_7616_9184.txt,0.0007439994481551613
1987 Sichuan pre-earthquake_patch_5600_11424.txt,0.0006995832853747433
1987 Sichuan pre-earthquake_patch_3808_10528.txt,0.0018087011628357607
2015 gorkha earthquake_patch_5600_6272.txt,0.00033459102520882756
1987 Sichuan pre-earthquake_patch_7392_10080.txt,0.001235909729621497
1987 Sichuan pre-earthquake_patch_2688_11200.txt,0.0011300837902841793
1999 chamoli earthquake_patch_6272_7168.txt,0.0022509665888882286
2014 Arun rainstorm_patch_5152_3136.txt,0.0007658829808349987
1987 Sichuan pre-earthquake_patch_6720_10528.txt,0.001504112536547361
2015 gorkha earthquake_patch_5152_5152.txt,0.0004054835170746386
1987 Sichuan pre-earthquake_patch_4704_9632.txt,0.0003737816852957081
1987 Sichuan pre-earthquake_patch_7840_6944.txt,0.000935301659767519
1987 Sichuan pre-earthquake_patch_3584_11200.txt,0.005033104704980464
2016 Arun rainstorm_patch_4480_4032.txt,0.000311784821475817
2015 gorkha earthquake_patch_8288_6944.txt,0.00039518082374685466
2016 Arun rainstorm_patch_5600_2912.txt,0.0005614887510298622
2015 gorkha earthquake_patch_3808_4704.txt,0.0003438988242436218
1987 Sichuan pre-earthquake_patch_7392_9408.txt,0.0004910290219792689
2015 gorkha earthquake_patch_6496_5600.txt,0.0005254856779188177
2011 sikkim earthquake_patch_10304_4032.txt,0.0007064175403028955
1987 Sichuan pre-earthquake_patch_7392_8064.txt,0.0002932983727121533
2015 gorkha earthquake_patch_6720_6944.txt,0.00036313649299380264
1987 Sichuan pre-earthquake_patch_7392_6048.txt,0.0010030311437822068
2010 Haiti_patch_4032_5152.txt,0.00020373235591827742
1987 Sichuan pre-earthquake_patch_6720_8960.txt,0.003491640992900621
2011 sikkim earthquake_patch_9408_3808.txt,0.0017691685785663296
2015 gorkha earthquake_patch_9408_6496.txt,0.00012291281970456283
1987 Sichuan pre-earthquake_patch_4704_10528.txt,0.0004782653098616027
1987 Sichuan pre-earthquake_patch_6944_8960.txt,0.0006741105005406603
2015 gorkha earthquake_patch_6272_6048.txt,0.0004966800646208736
2016 Arun rainstorm_patch_5824_3136.txt,0.0003283957698778585
2015 gorkha earthquake_patch_4928_5376.txt,0.00023628476680224398
1987 Sichuan pre-earthquake_patch_7392_7168.txt,0.0007402999870428158
2011 sikkim earthquake_patch_8960_2912.txt,0.002779994493119564
1999 chamoli earthquake_patch_7840_8960.txt,3.819494379801302e-05
1998 Jueili_patch_1792_2240.txt,0.00030974901749434105
2015 gorkha earthquake_patch_6944_6944.txt,0.001094065190249041
1987 Sichuan pre-earthquake_patch_6272_8736.txt,0.0004876323416831445
2004 Cheutsu Earthquake 2004_patch_3808_4032.txt,0.00038043861013863436
1987 Sichuan pre-earthquake_patch_3360_8960.txt,0.00026519904605404933
2015 gorkha earthquake_patch_4704_5376.txt,0.00022564191979016344
1999 chamoli earthquake_patch_7168_8064.txt,0.0018060511395740248
1987 Sichuan pre-earthquake_patch_2688_10080.txt,0.00044100145930794617
1991 Limon Earthquake_patch_896_4480.txt,0.00033793562845960574
1987 Sichuan pre-earthquake_patch_8736_6944.txt,0.00036867846271515774
1987 Sichuan pre-earthquake_patch_4928_8288.txt,0.0006084047920730283
1987 Sichuan pre-earthquake_patch_3584_10080.txt,0.0007340799840744967
2015 gorkha earthquake_patch_4032_4704.txt,0.0018787880975717733
1999 chamoli earthquake_patch_8512_9856.txt,0.00046810256448823277
2016 Arun rainstorm_patch_5376_3360.txt,0.001136284835285589
2011 sikkim earthquake_patch_8960_4032.txt,0.0006547584387628865
1987 Sichuan pre-earthquake_patch_7168_8736.txt,0.00043599887517405887
2014 Arun rainstorm_patch_4256_3808.txt,0.00011215484729916773
1987 Sichuan pre-earthquake_patch_9408_6272.txt,0.0005034819992580757
2015 gorkha earthquake_patch_12096_8288.txt,0.00028388842826687947
1987 Sichuan pre-earthquake_patch_9408_7168.txt,0.0007526327141563976
2015 gorkha earthquake_patch_10528_8064.txt,0.00024060194962323498
2017 Milin_patch_18816_5152.txt,0.002342496486371595
1987 Sichuan pre-earthquake_patch_5824_10528.txt,0.0005054414341647707
1987 Sichuan pre-earthquake_patch_6496_8512.txt,0.0006628425928404992
1987 Sichuan pre-earthquake_patch_2688_12320.txt,0.0004966429923235217
2011 sikkim earthquake_patch_9184_3136.txt,0.0008611007455418525
1987 Sichuan pre-earthquake_patch_4256_10976.txt,0.0007029330625547171
1987 Sichuan pre-earthquake_patch_3584_12320.txt,0.0006044081151321819
1987 Sichuan pre-earthquake_patch_9408_6048.txt,0.0011371193285295083
2016 Arun rainstorm_patch_4480_3360.txt,0.0002275870730904483
2015 gorkha earthquake_patch_7392_6496.txt,0
2015 gorkha earthquake_patch_7168_6272.txt,0.00027334827891277945
1987 Sichuan pre-earthquake_patch_6496_7392.txt,0.0006115260910275969
2011 sikkim earthquake_patch_10304_3360.txt,0.0004153510215959979
2015 gorkha earthquake_patch_6496_6720.txt,0.00043804137756710813
1987 Sichuan pre-earthquake_patch_7392_8288.txt,0.0006938046851995045
2010 Haiti_patch_4032_4704.txt,0.0003198987921536289
1987 Sichuan pre-earthquake_patch_8288_7840.txt,0.00042463533413130143
1987 Sichuan pre-earthquake_patch_7616_8512.txt,0.00032094180609533126
1987 Sichuan pre-earthquake_patch_4256_12768.txt,0.0004489998279810431
2016 Arun rainstorm_patch_5600_2240.txt,0.0009115157285202401
2010 Haiti_patch_6496_4480.txt,0.0003333652663654832
1987 Sichuan pre-earthquake_patch_7392_6272.txt,0.0006841644211798227
2015 gorkha earthquake_patch_7616_6720.txt,0.0004322309548823042
1987 Sichuan pre-earthquake_patch_7616_7392.txt,0.0007267154316410702
1999 chamoli earthquake_patch_7392_7616.txt,0.0010716530413290154
2016 Arun rainstorm_patch_5600_3360.txt,0.00029840540247040744
1987 Sichuan pre-earthquake_patch_4704_11424.txt,0.00032461364398978697
2015 gorkha earthquake_patch_6272_6272.txt,0.00045355855657579317
1999 chamoli earthquake_patch_7840_7840.txt,0.0006178439128960935
2011 sikkim earthquake_patch_8512_4480.txt,0.0006102039524934493
1987 Sichuan pre-earthquake_patch_5600_8736.txt,0.00024239313969595148
2010 Haiti_patch_4704_4928.txt,0.00043594183330276985
1987 Sichuan pre-earthquake_patch_3808_11424.txt,0.0005669120671956974
1987 Sichuan pre-earthquake_patch_5600_10528.txt,0.0008535688387999644
1987 Sichuan pre-earthquake_patch_6272_7616.txt,0.002397521213846765
2008 Iwate_patch_8288_3136.txt,0.000501182419491756
1987 Sichuan pre-earthquake_patch_7392_9632.txt,0.0009091437757249419
1987 Sichuan pre-earthquake_patch_10080_6272.txt,0.00028882109003623734
2011 sikkim earthquake_patch_8960_3360.txt,0.0008537973303834114
1987 Sichuan pre-earthquake_patch_4704_8064.txt,0.0003732439845944164
1987 Sichuan pre-earthquake_patch_6048_10080.txt,0.0005833670922001756
1987 Sichuan pre-earthquake_patch_4704_9408.txt,0.0005641800865265706
2015 gorkha earthquake_patch_10080_6720.txt,0.0005066777425752012
2010 Haiti_patch_5152_5152.txt,0.0002909384162927082
1987 Sichuan pre-earthquake_patch_6496_10752.txt,0.0007574819010322848
2015 gorkha earthquake_patch_10976_7840.txt,0.0003678603980113933
1987 Sichuan pre-earthquake_patch_4928_9408.txt,0.0023906703019205694
1987 Sichuan pre-earthquake_patch_4032_10528.txt,0.0015267771114823856
1987 Sichuan pre-earthquake_patch_4928_8064.txt,8.963233873610974e-05
1987 Sichuan pre-earthquake_patch_4480_8736.txt,0.00062756137427894
2011 sikkim earthquake_patch_10080_3584.txt,0.0008258589633875254
1987 Sichuan pre-earthquake_patch_4480_12096.txt,0.00047407901136815335
1987 Sichuan pre-earthquake_patch_8960_7392.txt,0.0006975665068328822
2015 gorkha earthquake_patch_8960_6720.txt,0.0005612831861883021
1987 Sichuan pre-earthquake_patch_6272_10976.txt,0.0006063540697076216
2010 Haiti_patch_4928_4928.txt,0.0004657443724392361
1987 Sichuan pre-earthquake_patch_3136_10304.txt,0.0023943773162320636
1987 Sichuan pre-earthquake_patch_3360_7840.txt,0.0003423582958389201
1987 Sichuan pre-earthquake_patch_4928_12096.txt,0.0004898833644175769
2016 Arun rainstorm_patch_5376_2912.txt,0.0010522664592885825
1999 chamoli earthquake_patch_7168_8288.txt,0.0002853537100110236
2015 gorkha earthquake_patch_10752_7392.txt,0.0004040492513607844
1987 Sichuan pre-earthquake_patch_5600_10304.txt,0.0009098129739020477
2011 sikkim earthquake_patch_10304_3808.txt,0.0008539811532969584
2015 gorkha earthquake_patch_4928_4480.txt,0.0008583340828232339
1987 Sichuan pre-earthquake_patch_3360_12320.txt,0.0005127084300276553
1987 Sichuan pre-earthquake_patch_6496_8288.txt,0.0016116196863598263
1987 Sichuan pre-earthquake_patch_10528_5824.txt,0.0004054556619161977
1999 chamoli earthquake_patch_8512_7840.txt,0.0006336788457126127
2018 Lombok_patch_6272_2912.txt,0.0002895315137334781
1999 chamoli earthquake_patch_6496_7616.txt,0.0004932954424139845
2015 gorkha earthquake_patch_7616_6496.txt,0.000128695825484232
1987 Sichuan pre-earthquake_patch_4256_10752.txt,0.0006351478715045221
2015 gorkha earthquake_patch_11200_7616.txt,0.0014590313987013705
2015 gorkha earthquake_patch_9184_6944.txt,0.0003474573537117835
2004 Cheutsu Earthquake 2004_patch_4032_3808.txt,0.0004328075183084582
1987 Sichuan pre-earthquake_patch_7616_8288.txt,0.0003099658877462951
1987 Sichuan pre-earthquake_patch_7392_8512.txt,0.000595737524728431
2015 gorkha earthquake_patch_6496_5376.txt,0.000528081278815489
1987 Sichuan pre-earthquake_patch_7616_6272.txt,0.0006680892209491517
1991 Limon Earthquake_patch_896_4256.txt,0.000382577470010109
2015 gorkha earthquake_patch_4704_4480.txt,0.00026114853775346687
1987 Sichuan pre-earthquake_patch_7392_7392.txt,0.0009435533787314416
2015 gorkha earthquake_patch_7392_6720.txt,0.0004904493980214146
1987 Sichuan pre-earthquake_patch_4032_8736.txt,0.0008230744981615926
2015 gorkha earthquake_patch_6496_6496.txt,0.0005679031644514274
1987 Sichuan pre-earthquake_patch_8064_6944.txt,0.0005434407452709416
1987 Sichuan pre-earthquake_patch_3136_10528.txt,0.0036977390996169425
2015 gorkha earthquake_patch_8064_8960.txt,0.00029316013934632933
2011 sikkim earthquake_patch_8960_3808.txt,0.0007222148922192
1987 Sichuan pre-earthquake_patch_4704_9184.txt,0.0007029774125912135
2015 gorkha earthquake_patch_8960_6496.txt,0.0012916133549694406
1987 Sichuan pre-earthquake_patch_4480_12320.txt,0.0007290720832244489
2015 gorkha earthquake_patch_4480_5152.txt,0.00023675129340788327
1987 Sichuan pre-earthquake_patch_10080_7392.txt,0.0011292574850373534
1991 Limon Earthquake_patch_896_4928.txt,0.0002776669522845063
1987 Sichuan pre-earthquake_patch_5824_10304.txt,0.001314881764881166
1987 Sichuan pre-earthquake_patch_7616_9632.txt,0.000264779292765625
1987 Sichuan pre-earthquake_patch_4928_12320.txt,0.0004907548310019179
2011 sikkim earthquake_patch_8736_4480.txt,0.0015048724727840961
1999 chamoli earthquake_patch_8064_8960.txt,0.0009575281914076445
2011 sikkim earthquake_patch_9408_2912.txt,0.0006126909092494976
2004 Cheutsu Earthquake 2004_patch_3808_3808.txt,0.00019441025600126349
2015 gorkha earthquake_patch_5600_5152.txt,0.000271472091761997
2017 Milin_patch_19040_5152.txt,0.0012315726705265434
2016 Arun rainstorm_patch_5152_2912.txt,0.0017074086191638952
1999 chamoli earthquake_patch_7168_8512.txt,0.0005855081857291929
2011 sikkim earthquake_patch_9408_4032.txt,3.3343228733833566e-05
1987 Sichuan pre-earthquake_patch_8960_6272.txt,0.0005912865814680766
1987 Sichuan pre-earthquake_patch_4928_9184.txt,0.001045092707739596
1987 Sichuan pre-earthquake_patch_3808_8736.txt,0.0012003254643874314
1987 Sichuan pre-earthquake_patch_6496_9632.txt,0.0004576626137521236
1998 Jueili_patch_2016_2240.txt,0.00015903545734587306
1999 chamoli earthquake_patch_8960_8064.txt,0.0006735747758815291
1987 Sichuan pre-earthquake_patch_4480_8512.txt,5.372904815551833e-05
1999 chamoli earthquake_patch_8960_9408.txt,0.00046293323251375717
1991 Limon Earthquake_patch_672_4256.txt,0.0002389469405008049
2015 gorkha earthquake_patch_4032_4928.txt,0.00015095679701508769
1987 Sichuan pre-earthquake_patch_3584_11424.txt,0.0011300346383830832
2015 gorkha earthquake_patch_8960_7168.txt,0.0003716506918955737
2010 Haiti_patch_5600_4480.txt,0.0004258081957111535
2016 Arun rainstorm_patch_5600_2688.txt,0.0011323484903336992
2015 gorkha earthquake_patch_6272_5600.txt,0.0005735173988598158
2015 gorkha earthquake_patch_8960_6048.txt,0.0024002125130450996
1991 Limon Earthquake_patch_1120_4256.txt,0.0002992525800243029
2018 Arun rainstorm_patch_5152_2912.txt,0.0003037373183453658
1987 Sichuan pre-earthquake_patch_7616_5824.txt,0.0008418406602151653
1987 Sichuan pre-earthquake_patch_5600_11200.txt,0.0006261037356049596
2017 Milin_patch_19264_5376.txt,0.00023498136777145933
1987 Sichuan pre-earthquake_patch_7168_9184.txt,0.0011818340293748568
1987 Sichuan pre-earthquake_patch_2688_11424.txt,0.00017505700409100656
2015 gorkha earthquake_patch_5376_4480.txt,0.0003458277720022748
1987 Sichuan pre-earthquake_patch_5824_10080.txt,0.0005645239117752327
2010 Haiti_patch_5152_4256.txt,0.00025763171950722656
1987 Sichuan pre-earthquake_patch_7392_5600.txt,0.0004691665119093662
1987 Sichuan pre-earthquake_patch_4032_9632.txt,0.0007277451084817942
1987 Sichuan pre-earthquake_patch_4704_12320.txt,0.0005997543175109116
2015 gorkha earthquake_patch_7392_9184.txt,0.00018479103541774297
1987 Sichuan pre-earthquake_patch_5600_8512.txt,0.0004141657622648326
1987 Sichuan pre-earthquake_patch_4032_11200.txt,0.0030795364443520342
2015 gorkha earthquake_patch_5600_6720.txt,0.00030496615800299317
2015 gorkha earthquake_patch_9184_7840.txt,0.0003911403112589752
1987 Sichuan pre-earthquake_patch_5152_10752.txt,0.0004986072146150666
2017 Arun rainstorm_patch_5824_2240.txt,0.0003176330599747238
1987 Sichuan pre-earthquake_patch_6272_9184.txt,0.0008804690462796336
1987 Sichuan pre-earthquake_patch_7616_8736.txt,0.000845471839279149
1987 Sichuan pre-earthquake_patch_6048_10528.txt,0.0006550872855787005
1987 Sichuan pre-earthquake_patch_8960_5824.txt,0.0005864510994150894
1987 Sichuan pre-earthquake_patch_2912_12544.txt,0.0009676918166548866
2015 gorkha earthquake_patch_7616_6048.txt,0.0013794186406498325
1987 Sichuan pre-earthquake_patch_5600_10080.txt,0.0005704412693605421
1987 Sichuan pre-earthquake_patch_3584_8960.txt,0.0007095575381609837
1987 Sichuan pre-earthquake_patch_3808_12320.txt,0.0014861362674941862
1999 chamoli earthquake_patch_9184_7840.txt,0.0012595198180957847
2010 Haiti_patch_4704_5152.txt,0.0005213927956136507
2008 Iwate_patch_8064_3136.txt,0.0005147495185496962
1999 chamoli earthquake_patch_7616_9408.txt,0.001148376126774322
1987 Sichuan pre-earthquake_patch_7840_9856.txt,0.0004915166767903856
1987 Sichuan pre-earthquake_patch_5824_11200.txt,0.0009254243524219316
2015 gorkha earthquake_patch_10080_8064.txt,0.0006956251932530874
2015 gorkha earthquake_patch_6496_6048.txt,0.0005781276318071901
1987 Sichuan pre-earthquake_patch_5152_9408.txt,0.0008331158537563891
2011 sikkim earthquake_patch_8960_2688.txt,0.0013965753293873405
1987 Sichuan pre-earthquake_patch_3808_9632.txt,0.000491601489526554
1987 Sichuan pre-earthquake_patch_3136_9856.txt,0.0008816747864959434
1998 Jueili_patch_1792_2464.txt,0.0006680261009580005
2011 sikkim earthquake_patch_9408_3584.txt,0.0007005116617428456
2015 gorkha earthquake_patch_9408_7392.txt,0.00036329583443154076
1987 Sichuan pre-earthquake_patch_5376_9184.txt,0.00038044773723552074
2015 gorkha earthquake_patch_4928_7392.txt,0.0002495937284842308
2017 Milin_patch_18816_5376.txt,0.0015261222608088944
2010 Haiti_patch_4928_5152.txt,0.00029242494234827483
1987 Sichuan pre-earthquake_patch_6496_8736.txt,0.0009937570339289931
2017 Milin_patch_18592_5824.txt,0.00031937374441191917
1987 Sichuan pre-earthquake_patch_4032_10080.txt,0.0006197847331831134
2018 Arun rainstorm_patch_4480_3808.txt,0.000614321241390906
2015 gorkha earthquake_patch_8512_6944.txt,0.0004811072957626917
2020 Arun rainstorm_patch_4480_1792.txt,0.003904710135115696
1991 Limon Earthquake_patch_1120_4928.txt,0.000216144678926451
2010 Haiti_patch_5152_4928.txt,0.000607761402817896
2015 gorkha earthquake_patch_5600_5376.txt,0.0008533678908331159
1987 Sichuan pre-earthquake_patch_5152_12768.txt,0.00044475375696852827
1987 Sichuan pre-earthquake_patch_4704_12096.txt,0.0006184937339499868
1987 Sichuan pre-earthquake_patch_4256_11872.txt,0.0006581292543697063
2017 Milin_patch_19040_5376.txt,0.0005805032911641827
2015 gorkha earthquake_patch_6272_5824.txt,0.00022462531570118462
1987 Sichuan pre-earthquake_patch_7168_9408.txt,0.0007771314441565598
1987 Sichuan pre-earthquake_patch_7168_8064.txt,0.0012486352737397309
2010 Haiti_patch_5376_4256.txt,0.00028753462714638234
1987 Sichuan pre-earthquake_patch_9632_6944.txt,0.0005552607504009998
2017 Arun rainstorm_patch_5152_2016.txt,0.00039044586147129226
1987 Sichuan pre-earthquake_patch_6048_10304.txt,0.001239081151097236
1987 Sichuan pre-earthquake_patch_4480_8288.txt,0.000298832328582624
1987 Sichuan pre-earthquake_patch_7392_5824.txt,0.0003726073451882225
1987 Sichuan pre-earthquake_patch_3360_11424.txt,0.00037143073256524323
1999 chamoli earthquake_patch_7168_8736.txt,0.0008690793232754957
2018 Arun rainstorm_patch_4704_3584.txt,0.0006813869099766564
1987 Sichuan pre-earthquake_patch_7616_5600.txt,0.0009121394846323884
1999 chamoli earthquake_patch_8960_9184.txt,0.0005116699642624915
1987 Sichuan pre-earthquake_patch_6272_8064.txt,0.00053956020843794
1987 Sichuan pre-earthquake_patch_6272_9408.txt,0.0007188435194563235
1987 Sichuan pre-earthquake_patch_3136_10080.txt,0.001234628164072179
1987 Sichuan pre-earthquake_patch_2464_11872.txt,0.0003815845455889706
1991 Limon Earthquake_patch_224_5376.txt,0.00042209625770461183
2010 Haiti_patch_4032_5600.txt,0.00035773200292253963
1987 Sichuan pre-earthquake_patch_7840_8960.txt,0.00032329267637556486
2014 Arun rainstorm_patch_6048_2464.txt,0.0004658016561644041
1987 Sichuan pre-earthquake_patch_5152_10976.txt,0.0005443594377266977
1987 Sichuan pre-earthquake_patch_3584_9856.txt,0.0002808975413962075
2014 Arun rainstorm_patch_5824_2464.txt,0.00044550358656438396
2018 Lombok_patch_6272_2464.txt,0.00031580724856473415
2015 gorkha earthquake_patch_7840_6944.txt,0.00021426107447388551
1987 Sichuan pre-earthquake_patch_4704_13216.txt,0.0002815308733248808
1987 Sichuan pre-earthquake_patch_8960_5600.txt,0.0003170190516034201
1987 Sichuan pre-earthquake_patch_4928_11424.txt,0.0004411540291426011
1987 Sichuan pre-earthquake_patch_7392_8736.txt,0.000697372889405606
2015 gorkha earthquake_patch_6720_8960.txt,0.0005074773391237257
1987 Sichuan pre-earthquake_patch_6272_7168.txt,0.0015855640134219938
2015 gorkha earthquake_patch_5152_5600.txt,0.0004148449446310661
1987 Sichuan pre-earthquake_patch_6048_7840.txt,0.00027802923977241
2015 gorkha earthquake_patch_6272_8736.txt,0.000669797149933287
1991 Limon Earthquake_patch_896_5152.txt,0.00025704948845948117
2015 gorkha earthquake_patch_5376_5824.txt,0.00033646508150642713
1987 Sichuan pre-earthquake_patch_5600_9632.txt,0.0006511610371266955
1987 Sichuan pre-earthquake_patch_4480_11424.txt,0.0006555846306280044
2011 sikkim earthquake_patch_10080_2912.txt,0.0009352115181760648
2015 gorkha earthquake_patch_7392_7168.txt,0.00023032557165302936
1999 chamoli earthquake_patch_8288_8960.txt,0.0002723167745228597
1999 chamoli earthquake_patch_7392_8064.txt,0.002417645226867959
1987 Sichuan pre-earthquake_patch_4032_8512.txt,0.0026005065342413836
2017 Milin_patch_18592_5600.txt,0.00036671077416254274
1987 Sichuan pre-earthquake_patch_3136_11200.txt,0.002165402128067368
2015 gorkha earthquake_patch_8736_6944.txt,0.0003656628290465619
1999 chamoli earthquake_patch_9408_9632.txt,0.00023463411175207746
2015 gorkha earthquake_patch_10528_7616.txt,0.0009232581269473893
1987 Sichuan pre-earthquake_patch_7168_7168.txt,0.00047694268538464655
1987 Sichuan pre-earthquake_patch_10304_6048.txt,0.00039967536607945527
1987 Sichuan pre-earthquake_patch_3808_12096.txt,0.00031646457864569096
2015 gorkha earthquake_patch_5600_4928.txt,0.0003500533422127982
2010 Haiti_patch_4032_4480.txt,0.0001991120720582232
1987 Sichuan pre-earthquake_patch_5376_9408.txt,0.0005378366667846816
2011 sikkim earthquake_patch_9408_2464.txt,0.0004433086422207265
2010 Haiti_patch_3808_5600.txt,0.000671583592824769
1987 Sichuan pre-earthquake_patch_5376_12544.txt,0.0005123144281770152
1984 Nagano_patch_18816_4032.txt,0.0002897058466697755
1987 Sichuan pre-earthquake_patch_4480_9632.txt,0.00031065719542150666
1987 Sichuan pre-earthquake_patch_5152_9184.txt,0.0011288127271911776
2017 Milin_patch_19264_5600.txt,0
2015 gorkha earthquake_patch_6272_6496.txt,0.0004956743570531551
1999 chamoli earthquake_patch_9408_9408.txt,0.0001300751188360158
1987 Sichuan pre-earthquake_patch_7392_5376.txt,0.0005312652679187269
2010 Haiti_patch_4480_4928.txt,0.0003653670133697426
2015 gorkha earthquake_patch_9408_7168.txt,0.0002724935577464259
1999 chamoli earthquake_patch_7168_7616.txt,0.0004367398464253247
2015 gorkha earthquake_patch_9856_7840.txt,0.00044053376815525415
2020 Arun rainstorm_patch_4480_1568.txt,0.0007417042050667734
1991 Limon Earthquake_patch_1120_5600.txt,0.0002468543665394074
1987 Sichuan pre-earthquake_patch_3808_9184.txt,0.0014792564334687737
1987 Sichuan pre-earthquake_patch_7392_6496.txt,0.0009344848429669128
1987 Sichuan pre-earthquake_patch_4480_9408.txt,0.00101554665971179
1999 chamoli earthquake_patch_8960_8512.txt,0.0010319279899678963
1987 Sichuan pre-earthquake_patch_4928_8736.txt,0.0010490436689894467
2015 gorkha earthquake_patch_9632_7840.txt,0.0004321494477803655
1987 Sichuan pre-earthquake_patch_5600_12096.txt,0.00039730704219462183
2017 Milin_patch_19040_5824.txt,0.0027168274528494318
2015 gorkha earthquake_patch_6272_5376.txt,0.0003280865104544439
2015 gorkha earthquake_patch_5600_5824.txt,0.0015501412477600409
1987 Sichuan pre-earthquake_patch_5376_9632.txt,0.0011758509450930485
1987 Sichuan pre-earthquake_patch_7168_8288.txt,0.0008082621158466966
1987 Sichuan pre-earthquake_patch_5152_11648.txt,0.0007136914780481128
2018 Lombok_patch_6496_2912.txt,0.00033859829966845326
1987 Sichuan pre-earthquake_patch_4704_8736.txt,0.0015138701240822153
1987 Sichuan pre-earthquake_patch_7840_7840.txt,0.0008513683615162184
2015 gorkha earthquake_patch_7168_6496.txt,0.00012871675136977826
1987 Sichuan pre-earthquake_patch_3584_10304.txt,0.0014252596365696187
1999 chamoli earthquake_patch_6944_7840.txt,0.0007740271257414718
1987 Sichuan pre-earthquake_patch_4928_10528.txt,0.0009362066794449519
2016 Arun rainstorm_patch_4480_3584.txt,0.0007486043297321312
2018 Arun rainstorm_patch_5824_3136.txt,0.00039567472756829944
1987 Sichuan pre-earthquake_patch_4256_8960.txt,0.0009096029682211435
1987 Sichuan pre-earthquake_patch_2688_10304.txt,0.0003642181039295312
1987 Sichuan pre-earthquake_patch_5600_8064.txt,0.0006949484721092563
1987 Sichuan pre-earthquake_patch_4032_12096.txt,0.0008816015339544673
2018 Arun rainstorm_patch_5824_2016.txt,0.00026284700064080097
1987 Sichuan pre-earthquake_patch_6272_8288.txt,0.0023837459120905884
1987 Sichuan pre-earthquake_patch_5600_9408.txt,0.0008002484047419882
1987 Sichuan pre-earthquake_patch_7616_6720.txt,0.000329771333907143
1991 Limon Earthquake_patch_896_4704.txt,0.0002953695349007841
2015 gorkha earthquake_patch_11200_7392.txt,0.0007197077420417313
1987 Sichuan pre-earthquake_patch_3136_12320.txt,0.0006215851300624529
1991 Limon Earthquake_patch_672_4480.txt,0.0002969585276044575
1987 Sichuan pre-earthquake_patch_2688_8960.txt,0.0008716298369385337
1987 Sichuan pre-earthquake_patch_9408_5824.txt,0.000634084232900941
1987 Sichuan pre-earthquake_patch_6048_8960.txt,0.000454196094436769
1999 chamoli earthquake_patch_7392_8288.txt,0.0010410531841207168
2018 Arun rainstorm_patch_4480_4032.txt,0.00028881664597028855
1987 Sichuan pre-earthquake_patch_5824_8960.txt,0.002264391602964617
1999 chamoli earthquake_patch_7616_8512.txt,0.0008898416565824124
1999 chamoli earthquake_patch_8288_7840.txt,0.001660922912876065
2015 gorkha earthquake_patch_6048_6944.txt,0.0002784310440172356
1987 Sichuan pre-earthquake_patch_6272_9632.txt,0.0013220998529527494
1998 Jueili_patch_2016_2464.txt,0.0003126450929945285
2015 gorkha earthquake_patch_5376_5376.txt,0.001257452463678313
2015 gorkha earthquake_patch_5376_6496.txt,0.0008168725736631161
1991 Limon Earthquake_patch_1120_4480.txt,0.0003379456668062833
1987 Sichuan pre-earthquake_patch_7392_7616.txt,0.0009232725919777081
1987 Sichuan pre-earthquake_patch_4032_9184.txt,0.0019015326375592314
2011 sikkim earthquake_patch_10080_3360.txt,0.0007473985579659801
2011 sikkim earthquake_patch_8064_4704.txt,0.0004340326265914779
1987 Sichuan pre-earthquake_patch_8064_9856.txt,0.0008171632019788169
2008 Iwate_patch_7840_3136.txt,0.00047391645183669806
2010 Haiti_patch_5152_4480.txt,0.0004977065067654489
2016 Arun rainstorm_patch_4704_3360.txt,0.0016210367157322078
1987 Sichuan pre-earthquake_patch_5376_10752.txt,0.0006990202687629234
2015 gorkha earthquake_patch_8960_7392.txt,0.00042298235843004305
2011 sikkim earthquake_patch_8960_3584.txt,0.0009874017425714708
2015 gorkha earthquake_patch_10752_7616.txt,0.00033099243674297523
1998 Jueili_patch_2464_2016.txt,0.00023337714218259838
1987 Sichuan pre-earthquake_patch_2912_10976.txt,0.0008605053426479697
2016 Arun rainstorm_patch_4928_3360.txt,0.000392464688286326
1987 Sichuan pre-earthquake_patch_7168_9632.txt,0.0008122966697904043
1987 Sichuan pre-earthquake_patch_5376_8288.txt,0.0003950599837571595
2011 sikkim earthquake_patch_9408_2688.txt,0.000929138253561179
1987 Sichuan pre-earthquake_patch_10080_6496.txt,0.00030527458137939603
1987 Sichuan pre-earthquake_patch_3360_10528.txt,0.002533397544923317
1987 Sichuan pre-earthquake_patch_5152_8512.txt,0.000533308518123825
2017 Milin_patch_18816_5600.txt,0.003909397200733769
2010 Haiti_patch_4928_4704.txt,0.0002591762754367829
1987 Sichuan pre-earthquake_patch_7616_5376.txt,0.0004894515227461068
1987 Sichuan pre-earthquake_patch_8960_7616.txt,0.0002356614027120503
1987 Sichuan pre-earthquake_patch_7168_7392.txt,0.0007587771983073629
1987 Sichuan pre-earthquake_patch_3808_9408.txt,0.0003455589824610664
1987 Sichuan pre-earthquake_patch_4480_9184.txt,0.0012885346398895255
1987 Sichuan pre-earthquake_patch_4704_11200.txt,0.001571631757956714
1987 Sichuan pre-earthquake_patch_3808_8064.txt,0.001115515432775009
2015 gorkha earthquake_patch_7168_6720.txt,0.0005110486725304067
2015 gorkha earthquake_patch_4704_5152.txt,0.00039929834813243317
2015 gorkha earthquake_patch_6496_6272.txt,0.0005760100617549384
1987 Sichuan pre-earthquake_patch_4032_12320.txt,0.002936208259942394
1987 Sichuan pre-earthquake_patch_5152_12544.txt,0.0004169623865866154
1998 Jueili_patch_2240_2240.txt,0.0003545591776538387
1987 Sichuan pre-earthquake_patch_7168_8512.txt,0.0005841430723388666
2020 Arun rainstorm_patch_4928_3360.txt,0.0016301272599219413
1987 Sichuan pre-earthquake_patch_7616_6496.txt,0.0005762432130055781
1999 chamoli earthquake_patch_9408_9184.txt,0.003180491663537983
2017 Milin_patch_19040_5600.txt,0.0054551453203616155
1999 chamoli earthquake_patch_8960_8288.txt,0.00029554052919827326
2016 Arun rainstorm_patch_5600_2464.txt,0.00022480399747895432
2010 Haiti_patch_4032_5376.txt,0.0003292888729684389
2015 gorkha earthquake_patch_7616_6272.txt,0.0003707051932016834
1987 Sichuan pre-earthquake_patch_5824_9856.txt,0.0008035623186130179
1987 Sichuan pre-earthquake_patch_9184_6944.txt,0.0003697422272861146
1987 Sichuan pre-earthquake_patch_2688_9856.txt,0.0011230474752931987
1987 Sichuan pre-earthquake_patch_4256_12992.txt,0.0007952126019649508
1987 Sichuan pre-earthquake_patch_6720_10080.txt,0.0007047151047473235
1987 Sichuan pre-earthquake_patch_6048_11424.txt,0.0002800992060960679
1987 Sichuan pre-earthquake_patch_6048_9856.txt,0.0005539602029343012
1987 Sichuan pre-earthquake_patch_6272_7392.txt,0.0008215598471170801
1987 Sichuan pre-earthquake_patch_6272_8512.txt,0.0012389648884951153
1987 Sichuan pre-earthquake_patch_3360_10304.txt,0.0015582269865855405
2015 gorkha earthquake_patch_8064_6944.txt,0.0002606737375890965
1987 Sichuan pre-earthquake_patch_3808_10080.txt,0.0005712020354212317
1987 Sichuan pre-earthquake_patch_7392_6720.txt,0.00031095146200492017
2015 gorkha earthquake_patch_10304_7616.txt,0.00027903445267282023
1999 chamoli earthquake_patch_7616_8288.txt,0.001507686527382087
1987 Sichuan pre-earthquake_patch_3584_7840.txt,0.0010212026750236964
2016 Arun rainstorm_patch_4704_3808.txt,0.0002588385235442547
1999 chamoli earthquake_patch_7392_8512.txt,0.0016484171980872073
1987 Sichuan pre-earthquake_patch_8960_6496.txt,0.001055018424310343
1987 Sichuan pre-earthquake_patch_9408_5600.txt,0.0002298659932318902
1987 Sichuan pre-earthquake_patch_4032_9408.txt,0.0023840323091534003
2010 Haiti_patch_5376_4480.txt,0.0004157206164696394
2011 sikkim earthquake_patch_10080_3808.txt,0.0006174130909629088
1987 Sichuan pre-earthquake_patch_5376_10976.txt,0.001716385365674877
2020 Arun rainstorm_patch_4480_3584.txt,0.001403058948757597
2010 Haiti_patch_4032_4928.txt,0.0003261312931104688
1987 Sichuan pre-earthquake_patch_7616_7616.txt,0.0017565730130959228
2015 gorkha earthquake_patch_5152_5376.txt,0.0005318104670449061
1987 Sichuan pre-earthquake_patch_4256_9856.txt,0.0007364936007937438
1987 Sichuan pre-earthquake_patch_4928_10304.txt,0.0007631373283610092
2004 Cheutsu Earthquake 2004_patch_3584_4256.txt,0.0003064025481394739
1987 Sichuan pre-earthquake_patch_2912_10752.txt,0.0006829450731552157
1987 Sichuan pre-earthquake_patch_3136_12096.txt,0.0006316966091926003
1999 chamoli earthquake_patch_6496_8288.txt,0.0007578321897270453
1987 Sichuan pre-earthquake_patch_3584_10528.txt,0.002295010988494868
2017 Milin_patch_18816_5824.txt,0.0006593619635657766
1987 Sichuan pre-earthquake_patch_4480_10304.txt,0.0013570377534628442
1987 Sichuan pre-earthquake_patch_6496_7616.txt,0.002848929429200355
1987 Sichuan pre-earthquake_patch_5152_8288.txt,0.0007236084170271785
1987 Sichuan pre-earthquake_patch_3808_11200.txt,0.0008262913522079727
2015 gorkha earthquake_patch_8960_6272.txt,0.0005429352950256525
1991 Limon Earthquake_patch_448_4704.txt,0.0003381399855003938
2015 gorkha earthquake_patch_8736_6272.txt,0.00026848822757932013
2015 gorkha earthquake_patch_6944_6496.txt,0.0002993207062261943
1987 Sichuan pre-earthquake_patch_2912_12320.txt,0.0005600287897005164
1999 chamoli earthquake_patch_7168_7840.txt,0.0006531278808518969
2015 gorkha earthquake_patch_6720_5376.txt,0.0002643366546743891
2015 gorkha earthquake_patch_9856_7616.txt,0.0003175876723019996
1987 Sichuan pre-earthquake_patch_2912_9632.txt,0.003145608631426131
2015 gorkha earthquake_patch_8512_7392.txt,0.0002414860209193217
2011 sikkim earthquake_patch_8512_3584.txt,0.0006499674842751814
2015 gorkha earthquake_patch_8736_8288.txt,0.00036557743101764883
1987 Sichuan pre-earthquake_patch_4928_12992.txt,0.0004071194161012569
2016 Arun rainstorm_patch_5376_2016.txt,0.000596898696512889
1987 Sichuan pre-earthquake_patch_3360_8288.txt,0.0008643189459859046
2015 gorkha earthquake_patch_9408_6944.txt,0.0004017078248376372
2017 Arun rainstorm_patch_5600_2688.txt,0.0006247269851373604
2008 Iwate_patch_8064_2464.txt,0.0002454391155777438
1987 Sichuan pre-earthquake_patch_3808_12544.txt,0.0003712177411978107
1987 Sichuan pre-earthquake_patch_5824_10752.txt,0.0005469336488979581
1987 Sichuan pre-earthquake_patch_4480_12992.txt,0.0006058983609420912
2015 gorkha earthquake_patch_6720_6496.txt,0.00019758626045134365
2016 Arun rainstorm_patch_5376_3136.txt,0.0004961016618204223
1987 Sichuan pre-earthquake_patch_4928_8960.txt,0.0006929055186116245
1987 Sichuan pre-earthquake_patch_5376_12096.txt,0.0003643050368275712
2015 gorkha earthquake_patch_9632_7616.txt,0.0003553821163201764
2015 gorkha earthquake_patch_6944_5376.txt,5.117364460789875e-05
1991 Limon Earthquake_patch_1568_4704.txt,0.0004031160741596728
1987 Sichuan pre-earthquake_patch_6272_10304.txt,0.001186266516332511
1987 Sichuan pre-earthquake_patch_3136_10976.txt,0.0024837520760105604
2016 Arun rainstorm_patch_6048_2240.txt,0.0005636050822600509
1987 Sichuan pre-earthquake_patch_10080_7840.txt,0.0005005874376544048
1999 chamoli earthquake_patch_6944_7616.txt,0.000918397788081171
1984 Nagano_patch_18816_4480.txt,0.0005384409343697493
2008 Iwate_patch_8288_2912.txt,0.0004264896168507089
1999 chamoli earthquake_patch_7840_8288.txt,0.0006061815980195758
1987 Sichuan pre-earthquake_patch_5152_10080.txt,0.0005738380156173781
1987 Sichuan pre-earthquake_patch_6944_8288.txt,0.00041824659941787736
1987 Sichuan pre-earthquake_patch_4256_8736.txt,0.0008810917894987413
2015 gorkha earthquake_patch_6048_8064.txt,0.00042558371544928694
2011 sikkim earthquake_patch_9184_4032.txt,0.0009900533130668024
2011 sikkim earthquake_patch_9856_3808.txt,0.0012245165449243376
2014 Arun rainstorm_patch_5152_3360.txt,0.0011509717880760272
1987 Sichuan pre-earthquake_patch_5824_8736.txt,0.0005938445305306687
1999 chamoli earthquake_patch_8288_7616.txt,0.00016433431532994984
2016 Arun rainstorm_patch_4256_3360.txt,0.0003104587014411483
2017 Arun rainstorm_patch_5376_2464.txt,0.000678263050448443
1987 Sichuan pre-earthquake_patch_4256_10304.txt,0.00014957663432353275
1987 Sichuan pre-earthquake_patch_6944_9632.txt,0.0006775142571578467
1987 Sichuan pre-earthquake_patch_2688_8736.txt,0.0004485899535908605
1999 chamoli earthquake_patch_7840_9632.txt,0.0006667075708316135
1987 Sichuan pre-earthquake_patch_6048_8736.txt,0.000647202445085926
2015 gorkha earthquake_patch_5824_6048.txt,0.00040805936202368946
1987 Sichuan pre-earthquake_patch_6720_9632.txt,0.0014545951399573664
2015 gorkha earthquake_patch_8064_9184.txt,3.391029586917352e-05
2017 Milin_patch_18368_5600.txt,0.00030354294135779934
1987 Sichuan pre-earthquake_patch_5600_10752.txt,0.00053894442751288
1987 Sichuan pre-earthquake_patch_8288_6272.txt,0.00042301310267303834
1987 Sichuan pre-earthquake_patch_7392_7840.txt,0.0009002779268262798
2016 Arun rainstorm_patch_4928_5600.txt,9.350462979834813e-05
2015 gorkha earthquake_patch_9632_6496.txt,0.0003844896376299765
2015 gorkha earthquake_patch_7840_6272.txt,0.00027648229343470165
1999 chamoli earthquake_patch_8736_8288.txt,0.0003907121740066529
1987 Sichuan pre-earthquake_patch_8064_5600.txt,0.0004900979168446793
1987 Sichuan pre-earthquake_patch_4704_12544.txt,0.0005566148540745778
1999 chamoli earthquake_patch_8512_7392.txt,0.0007941906788049132
1987 Sichuan pre-earthquake_patch_7840_6496.txt,0.00027057216136646735
1987 Sichuan pre-earthquake_patch_9632_6272.txt,0.00030117988576198936
2011 sikkim earthquake_patch_8288_3808.txt,0.000900827985954346
2015 gorkha earthquake_patch_8288_6496.txt,0.0004660753801466658
2015 gorkha earthquake_patch_10752_7840.txt,0.0004931508438807598
2011 sikkim earthquake_patch_9184_2912.txt,0.0014399443217368402
1987 Sichuan pre-earthquake_patch_6496_10528.txt,0.0005566425808325109
2020 Arun rainstorm_patch_5152_3136.txt,0.0028057299975706444
1987 Sichuan pre-earthquake_patch_9856_6272.txt,0.000360055234986563
2004 Cheutsu Earthquake 2004_patch_3584_4032.txt,0.00041528568833109107
1987 Sichuan pre-earthquake_patch_2464_10304.txt,1.8150000032951245e-09
1987 Sichuan pre-earthquake_patch_7840_5376.txt,0.0007818380534504561
1987 Sichuan pre-earthquake_patch_4032_10752.txt,0.0008015366926395886
1999 chamoli earthquake_patch_8512_8512.txt,0.00045205552766238615
1987 Sichuan pre-earthquake_patch_5152_11200.txt,0.0005805145859662397
1987 Sichuan pre-earthquake_patch_3360_8512.txt,0.0005835081497027473
2015 gorkha earthquake_patch_10976_7392.txt,0.000306881698359648
2008 Iwate_patch_8064_3584.txt,0.0010852332308128102
2015 gorkha earthquake_patch_8512_6272.txt,0.0010673761056100197
1987 Sichuan pre-earthquake_patch_5824_10976.txt,0.00039734624694135633
2016 Arun rainstorm_patch_5152_2016.txt,0.00032783051062236436
1987 Sichuan pre-earthquake_patch_8736_6720.txt,0.0002267654869278378
2011 sikkim earthquake_patch_8736_3584.txt,0.0009228117804571573
2015 gorkha earthquake_patch_8736_7392.txt,0.0003678653299379373
2015 gorkha earthquake_patch_8064_7168.txt,0.0004025063576400938
2016 Arun rainstorm_patch_5824_3808.txt,0.0005630615345050291
1987 Sichuan pre-earthquake_patch_9184_6048.txt,0.000603360220181202
1987 Sichuan pre-earthquake_patch_3808_11648.txt,0.0008679794931669775
1999 chamoli earthquake_patch_8064_8064.txt,0.0007073947723429014
1987 Sichuan pre-earthquake_patch_3136_10752.txt,0.0008846950016424838
2015 gorkha earthquake_patch_6944_6720.txt,0.0004913209874478758
1987 Sichuan pre-earthquake_patch_6720_8512.txt,0.0007255566486040326
1991 Limon Earthquake_patch_672_3808.txt,8.846708598298257e-05
2010 Haiti_patch_4256_4704.txt,0.000581809313247838
1987 Sichuan pre-earthquake_patch_9184_7168.txt,0.00042877834069296504
1987 Sichuan pre-earthquake_patch_6944_8512.txt,0.0004864100977570583
2015 gorkha earthquake_patch_6720_6720.txt,0.0003321665286577761
2015 gorkha earthquake_patch_8064_6048.txt,0.0007688479972300105
1987 Sichuan pre-earthquake_patch_6944_10304.txt,0.0005793543105686758
1987 Sichuan pre-earthquake_patch_6496_10304.txt,0.0003939905082194232
2011 sikkim earthquake_patch_9408_3136.txt,0.0005495058087981067
1987 Sichuan pre-earthquake_patch_8512_5376.txt,0.0015730551448233303
2011 sikkim earthquake_patch_9632_3360.txt,0.0009795895722399936
1987 Sichuan pre-earthquake_patch_7840_6720.txt,0.00035267753534285964
1987 Sichuan pre-earthquake_patch_4704_9856.txt,0.0004303994955312477
2015 gorkha earthquake_patch_8288_6720.txt,0.00035101270624242765
1984 Nagano_patch_19040_4480.txt,0.0011689683880772162
2015 gorkha earthquake_patch_10304_7840.txt,0.00028744237437602573
2011 sikkim earthquake_patch_9856_2240.txt,0.001855377048074396
1987 Sichuan pre-earthquake_patch_4032_12768.txt,0.0005880659577373222
2017 Arun rainstorm_patch_5152_2464.txt,0.00018984886925180948
1987 Sichuan pre-earthquake_patch_2464_9632.txt,0.0014169709020594242
2011 sikkim earthquake_patch_9632_2240.txt,0.0010844864990385368
1987 Sichuan pre-earthquake_patch_5600_10976.txt,0.0002999005276113972
1987 Sichuan pre-earthquake_patch_4704_11648.txt,0.00045343840392079575
2011 sikkim earthquake_patch_9856_3360.txt,0.0007866478336074172
2017 Milin_patch_18368_5824.txt,0.000530370445449097
2016 Arun rainstorm_patch_4256_3808.txt,0.00024585000186735017
1987 Sichuan pre-earthquake_patch_7616_7840.txt,0.0021750611116956755
1987 Sichuan pre-earthquake_patch_8512_7616.txt,0.0004041961855477195
2015 gorkha earthquake_patch_6048_5152.txt,0.00100076356499406
1991 Limon Earthquake_patch_1344_5152.txt,0.00022550973167344854
2020 Arun rainstorm_patch_5376_3136.txt,0.00039525038814657644
1987 Sichuan pre-earthquake_patch_8064_5824.txt,0.0008331713308317325
1999 chamoli earthquake_patch_8736_8512.txt,0.00097840337485511
2015 gorkha earthquake_patch_9856_6720.txt,0.0003687619636580876
2015 gorkha earthquake_patch_5824_5152.txt,0.0002499177762892172
1987 Sichuan pre-earthquake_patch_6272_10528.txt,0.0007012263811590245
1987 Sichuan pre-earthquake_patch_6496_7840.txt,0.0005112495903334528
2011 sikkim earthquake_patch_8288_3360.txt,0.0008752534495998652
1999 chamoli earthquake_patch_8512_8288.txt,0.0011427028798009352
1987 Sichuan pre-earthquake_patch_4032_10976.txt,0.0019489599488487245
2015 gorkha earthquake_patch_9632_6720.txt,0.004547661163443788
1987 Sichuan pre-earthquake_patch_4928_9856.txt,0.0005681396108359406
1987 Sichuan pre-earthquake_patch_9632_7392.txt,0.0006299000207655171
1987 Sichuan pre-earthquake_patch_2912_8512.txt,0.0008795096086662123
2015 gorkha earthquake_patch_8512_9408.txt,0.00023256899926307186
1987 Sichuan pre-earthquake_patch_3808_12768.txt,0.0010151740632232161
1991 Limon Earthquake_patch_1344_4704.txt,0.0003264547569285076
1987 Sichuan pre-earthquake_patch_3360_9184.txt,0.0005418624415178012
1998 Jueili_patch_2016_2016.txt,0.0003234553602066659
2015 gorkha earthquake_patch_6720_5600.txt,0.0002354925251728419
2015 gorkha earthquake_patch_10080_6944.txt,0.0005573260460557012
1987 Sichuan pre-earthquake_patch_5376_11200.txt,0.0006271006980794206
2014 Arun rainstorm_patch_5600_3360.txt,0.0002453145574728873
2015 gorkha earthquake_patch_8960_6944.txt,0.0004015889777319972
1987 Sichuan pre-earthquake_patch_7616_10080.txt,0.0004986136511717953
1987 Sichuan pre-earthquake_patch_7392_9856.txt,0.0005533711465164099
1987 Sichuan pre-earthquake_patch_6720_9184.txt,0.0006724150743204616
1987 Sichuan pre-earthquake_patch_8512_5824.txt,0.0004329158522848532
1987 Sichuan pre-earthquake_patch_4928_11872.txt,0.0002901341125541657
1987 Sichuan pre-earthquake_patch_6720_10976.txt,0.0017436900832231896
1987 Sichuan pre-earthquake_patch_8064_7616.txt,0.00015947983726295888
1987 Sichuan pre-earthquake_patch_4480_11872.txt,0.000592747925764827
1987 Sichuan pre-earthquake_patch_6944_9184.txt,0.0006451797669818304
1999 chamoli earthquake_patch_8064_8288.txt,0.0010002911296610754
1987 Sichuan pre-earthquake_patch_8736_5600.txt,0.00030048457392293604
2015 gorkha earthquake_patch_9184_7616.txt,0.0002632224133894048
1987 Sichuan pre-earthquake_patch_3808_10976.txt,0.0019139772073693579
2015 gorkha earthquake_patch_7616_6944.txt,0.0009114734651759877
2010 Haiti_patch_4256_5152.txt,0.0003425003385181316
2016 Arun rainstorm_patch_4928_5376.txt,0.0002583781882934979
1987 Sichuan pre-earthquake_patch_9184_6272.txt,0.00040142715253476877
1987 Sichuan pre-earthquake_patch_5600_11648.txt,0.0009157763572767437
2011 sikkim earthquake_patch_9632_2912.txt,0.0016557237273677233
1987 Sichuan pre-earthquake_patch_4704_10976.txt,0.0012404699160486735
2015 gorkha earthquake_patch_12320_8288.txt,0.0005604950156791167
1987 Sichuan pre-earthquake_patch_5376_10080.txt,0.0012625081860113607
2011 sikkim earthquake_patch_9856_2912.txt,0.0009353497157563046
2015 gorkha earthquake_patch_8064_6272.txt,0.0004003534492401928
1987 Sichuan pre-earthquake_patch_3584_8736.txt,0.00025730093223982176
1999 chamoli earthquake_patch_8736_9184.txt,0.00045204104352620264
2011 sikkim earthquake_patch_9632_4032.txt,0.0009039032016389127
1987 Sichuan pre-earthquake_patch_7840_5600.txt,0.0008971899147831259
1987 Sichuan pre-earthquake_patch_6496_8960.txt,0.000527573446977893
1987 Sichuan pre-earthquake_patch_4256_11424.txt,0.0005693190898919115
1999 chamoli earthquake_patch_8512_8064.txt,0.00074750522319163
1999 chamoli earthquake_patch_8512_9408.txt,0.0009977057942085036
2015 gorkha earthquake_patch_8512_7168.txt,0.0004067226412633914
1987 Sichuan pre-earthquake_patch_4032_11648.txt,0.0009780886146818191
1987 Sichuan pre-earthquake_patch_8064_6496.txt,0.000527522749601011
1984 Nagano_patch_18816_4256.txt,0.0015314367173780922
1987 Sichuan pre-earthquake_patch_8064_5376.txt,0.00038796315596717186
1987 Sichuan pre-earthquake_patch_2912_9184.txt,0.0005082621895537621
1987 Sichuan pre-earthquake_patch_4704_12768.txt,0.0005763326633481651
1987 Sichuan pre-earthquake_patch_5152_12096.txt,0.0004879091940388612
2015 gorkha earthquake_patch_8512_6048.txt,0.001877237775718784
2011 sikkim earthquake_patch_9184_3808.txt,0.0017503077439647943
2015 gorkha earthquake_patch_9184_6496.txt,0.0010797933224167564
1987 Sichuan pre-earthquake_patch_3360_11872.txt,0.0007447794486080288
2015 gorkha earthquake_patch_4256_4704.txt,0.0013101971799870666
2015 gorkha earthquake_patch_12096_7840.txt,0.0012060943707831147
1987 Sichuan pre-earthquake_patch_9632_6048.txt,0.00037828727014584037
1984 Nagano_patch_19040_4256.txt,0.00030464850077632636
1987 Sichuan pre-earthquake_patch_4928_7840.txt,0.0005673479244842698
2008 Iwate_patch_8064_2688.txt,2.6182027980642062e-05
1987 Sichuan pre-earthquake_patch_6496_9856.txt,0.0005903382788152046
2008 Iwate_patch_7840_3584.txt,0.0005602053195089016
1999 chamoli earthquake_patch_7168_8960.txt,0.0004534879055623964
1987 Sichuan pre-earthquake_patch_3360_8064.txt,0.0006583795864840284
1991 Limon Earthquake_patch_672_4032.txt,0.0003017042002199606
2016 Arun rainstorm_patch_5824_4032.txt,0.0005151251232725461
1987 Sichuan pre-earthquake_patch_9856_6048.txt,0.00037857342510240065
2015 gorkha earthquake_patch_5824_6272.txt,0.0003993404707155251
1999 chamoli earthquake_patch_6720_8736.txt,0.0007369005573225063
1999 chamoli earthquake_patch_7840_8064.txt,0.0003166319190380236
1987 Sichuan pre-earthquake_patch_6720_10752.txt,0.0010421763718277705
1987 Sichuan pre-earthquake_patch_2912_11200.txt,0.0017186266075684255
1987 Sichuan pre-earthquake_patch_7616_9856.txt,0.0006518448594311888
2015 gorkha earthquake_patch_7840_7168.txt,0.00025193117783249086
1987 Sichuan pre-earthquake_patch_6944_9408.txt,0.0015310909298150463
2015 gorkha earthquake_patch_6048_8288.txt,0.0003899848749136842
1987 Sichuan pre-earthquake_patch_4256_7616.txt,0.0006333289091362184
2015 gorkha earthquake_patch_5824_8288.txt,8.926662581922482e-05
1987 Sichuan pre-earthquake_patch_8512_5600.txt,0.0007612704612927789
2015 gorkha earthquake_patch_6048_6272.txt,0.00024626946441687125
2014 Arun rainstorm_patch_4480_3808.txt,0.0029942796403641127
2015 gorkha earthquake_patch_7840_6048.txt,0.00043279470522461966
1987 Sichuan pre-earthquake_patch_3808_10752.txt,0.001284246706283351
1999 chamoli earthquake_patch_8064_8512.txt,0.001521852848908475
2016 Arun rainstorm_patch_5824_2912.txt,0.0004669996068330167
1987 Sichuan pre-earthquake_patch_8736_5824.txt,0.0005688467675355101
2011 sikkim earthquake_patch_8960_3136.txt,0.0005899853793385247
1987 Sichuan pre-earthquake_patch_8288_6048.txt,0.0003798118712878305
1999 chamoli earthquake_patch_6272_8960.txt,0.000739217065729488
1999 chamoli earthquake_patch_6944_8736.txt,0.0012205814681416176
1987 Sichuan pre-earthquake_patch_6720_9408.txt,0.0005903731331221455
2008 Iwate_patch_8288_3360.txt,0.00023045584265875033
1987 Sichuan pre-earthquake_patch_7840_8736.txt,0.0005039278338571128
1987 Sichuan pre-earthquake_patch_6720_8064.txt,0.0004236742068162782
1987 Sichuan pre-earthquake_patch_4704_7840.txt,0.0002397196697477501
1987 Sichuan pre-earthquake_patch_3136_11648.txt,0.00046988770275332786
1987 Sichuan pre-earthquake_patch_4704_10752.txt,0.0009582265343416228
2015 gorkha earthquake_patch_7392_6944.txt,0.0004752522628928128
1987 Sichuan pre-earthquake_patch_8064_6720.txt,0.0007896431187724027
2015 gorkha earthquake_patch_8064_7392.txt,0.0007515251060165345
2011 sikkim earthquake_patch_8064_3584.txt,0.0015828892752355035
1987 Sichuan pre-earthquake_patch_7392_8960.txt,0.0005462178726585391
1987 Sichuan pre-earthquake_patch_8288_8064.txt,0.0005783015729180582
1987 Sichuan pre-earthquake_patch_6944_7168.txt,0.0004687149177486606
2014 Arun rainstorm_patch_5152_2912.txt,0.00042043771308193596
1999 chamoli earthquake_patch_8288_8736.txt,0.0008292619959530294
1987 Sichuan pre-earthquake_patch_9184_7392.txt,0.00037905566725558493
2015 gorkha earthquake_patch_9184_6720.txt,0.00047391881799566544
2015 gorkha earthquake_patch_6944_8736.txt,0.000303010560086916
2016 Arun rainstorm_patch_5600_3136.txt,0.0013781324074180546
1987 Sichuan pre-earthquake_patch_6048_7616.txt,0.0021517974655284747
1987 Sichuan pre-earthquake_patch_5152_12320.txt,0.00033908204415937466
1987 Sichuan pre-earthquake_patch_4032_12544.txt,0.0005420127132219749
2016 Arun rainstorm_patch_4256_4032.txt,0.0004659404849266757
1987 Sichuan pre-earthquake_patch_2912_10080.txt,0.0014245600646956608
2011 sikkim earthquake_patch_9184_3360.txt,0.0005771021170480274
2015 gorkha earthquake_patch_10528_7840.txt,0.0002679302021145603
2015 gorkha earthquake_patch_8288_5824.txt,0.0003703656356695783
1987 Sichuan pre-earthquake_patch_2912_9408.txt,0.0005913056182108289
1987 Sichuan pre-earthquake_patch_7840_5824.txt,0.0005189729812512448
1991 Limon Earthquake_patch_448_5152.txt,0.00027862934518682684
2015 gorkha earthquake_patch_8736_6048.txt,0.007322085455882148
2011 sikkim earthquake_patch_10304_3136.txt,0.0016933174637006642
1987 Sichuan pre-earthquake_patch_7168_6944.txt,0.00033703125429586817
1999 chamoli earthquake_patch_8512_9184.txt,1.6025916825894067e-05
2016 Arun rainstorm_patch_4480_3136.txt,0.00032554073694955187
2015 gorkha earthquake_patch_8736_7168.txt,0.0003808175301717567
